Chargingsessionid,dataStart,dataStop,Wh,idStation,idSocket
0,2018-09-03 11:47:17,2018-09-03 12:54:40,14870,23,38
1,2018-09-04 12:18:13,2018-09-04 15:36:03,24650,23,38
2,2018-09-06 07:51:36,2018-09-06 08:32:15,11500,24,38
3,2018-09-07 12:27:32,2018-09-07 13:17:38,12810,24,37
4,2018-09-10 12:44:56,2018-09-11 07:44:18,19040,25,37
5,2018-09-11 13:25:11,2018-09-11 16:33:29,45513,24,38
6,2018-09-12 13:40:52,2018-09-13 06:37:26,7060,10,37
7,2018-09-14 07:12:37,2018-09-14 08:06:35,13430,24,37
8,2018-09-17 16:11:48,2018-09-18 07:56:54,20260,24,37
